{
  "bindings": [
    {
      "authLevel": "anonymous",
      "type": "httpTrigger",
      "direction": "in",
      "name": "req",
      "methods": [ "post" ],
      "route": "contact"
    },
    {
      "type": "http",
      "direction": "out",
      "name": "res"
    },
    {
      "type": "sendGrid",
      "direction": "out",
      "name": "message",
      "apiKey": "SENDGRID_API_KEY",
      "to": "info@starnessurgical.com",
      "from": "no-reply@starnessurgical.com",
      "subject": "[Website Contact] {subject}"
    }
  ]
}
